ID,weight,height,Unnamed: 3,image_filename,BMI
A00147,67,185,,A00147.jpg,19.576333089846603
A00360,69,167,,A00360.jpg,24.740937287102444
A01054,67,166,,A01054.jpg,24.31412396574249
A01072,69,195,,A01072.jpg,18.14595660749507
A01077,68,180,,A01077.jpg,20.98765432098765
A01148,71,170,,A01148.jpg,24.56747404844291
A01157,72,207,,A01157.jpg,16.803192606595257
K66115,67,175,,K66115.jpg,21.877551020408163
R67191,69,170,,R67191.jpg,23.87543252595156
